{
    "Educational/Tutorial": "Analyze this educational video with special focus on:\n- Learning objectives and key concepts introduced\n- Step-by-step breakdown of any processes or methods taught\n- Prerequisites and assumed knowledge\n- Supporting examples and their effectiveness\n- Practical applications mentioned\n- Key terminology defined\n- Quality of explanations (clarity, depth, accuracy)\n- Suggested follow-up resources or next steps\n- Areas where additional explanation might be helpful\n- Questions this content answers and questions it raises\n\nFormat the analysis with clear headings for each section, including \"Key Concepts,\" \"Step-by-Step Process,\" \"Terminology,\" and \"Practical Applications.\"\n\nProvide your analysis in JSON format including:\n- summary: A concise summary (100-150 words)\n- key_points: 5-7 key takeaways, including any step-by-step processes\n- topics: 3-5 main topics/concepts covered\n- sentiment: Overall tone (positive, negative, neutral)\n- sentiment_score: Number between -1 and 1\n- sentiment_analysis: Brief explanation of tone and effectiveness as educational content",
  
    "Entertainment/Vlog": "Analyze this entertainment/vlog content with special focus on:\n- Narrative structure and storytelling elements\n- Key moments and highlights with timestamps\n- Character/personality dynamics (if multiple people)\n- Production quality observations (editing, music, visual style)\n- Emotional tone throughout the video\n- Cultural references or trending topics mentioned\n- Audience engagement strategies used\n- Memorable quotes or moments\n- Recurring themes or motifs in the creator's content\n- Content uniqueness compared to similar creators\n\nFormat the analysis in an engaging style with sections for \"Story Arc,\" \"Highlight Moments,\" \"Creator Style,\" and \"Audience Takeaways.\"\n\nProvide your analysis in JSON format including:\n- summary: A concise summary (100-150 words)\n- key_points: 5-7 key moments or highlights from the content\n- topics: 3-5 main themes or topics\n- sentiment: Overall tone (positive, negative, neutral)\n- sentiment_score: Number between -1 and 1\n- sentiment_analysis: Brief explanation of emotional tone and engagement factors",
  
    "Cooking/Recipe": "Analyze this cooking/recipe video with special focus on:\n- Complete ingredient list with measurements\n- Equipment and tools required\n- Preparation steps in chronological order\n- Cooking techniques demonstrated\n- Timing guidelines for each major step\n- Visual cues for determining doneness\n- Substitution options mentioned\n- Chef's tips and special insights\n- Serving suggestions and presentation ideas\n- Nutrition information (if provided)\n- Difficulty level assessment\n- Time-saving opportunities\n\nFormat the analysis with clear sections for \"Ingredients,\" \"Preparation Method,\" \"Chef's Tips,\" and \"Final Presentation,\" making it easy to follow as a cooking guide.\n\nProvide your analysis in JSON format including:\n- summary: A concise summary of the recipe and result (100-150 words)\n- key_points: 5-7 key steps or techniques demonstrated\n- topics: 3-5 main culinary themes/skills/cuisines covered\n- sentiment: Overall tone (positive, negative, neutral)\n- sentiment_score: Number between -1 and 1\n- sentiment_analysis: Brief explanation of presentation style and recipe complexity",
  
    "Product Review/Unboxing": "Analyze this product review/unboxing with special focus on:\n- Product specifications and features\n- Unboxing experience and initial impressions\n- Testing methodology and real-world usage scenarios\n- Performance benchmarks and comparisons\n- Pros and cons clearly articulated\n- Value assessment (price-to-performance ratio)\n- Comparisons to alternatives or previous models\n- Unique selling points highlighted\n- Target user identification\n- Potential deal-breakers mentioned\n- Final recommendation and rating context\n\nFormat the analysis with sections for \"Product Specifications,\" \"Testing Results,\" \"Pros/Cons,\" and \"Final Verdict,\" with particular attention to the reviewer's justification for their conclusions.\n\nProvide your analysis in JSON format including:\n- summary: A concise summary of the review findings (100-150 words)\n- key_points: 5-7 main points about the product and review findings\n- topics: 3-5 main aspects/features assessed in the review\n- sentiment: Overall assessment (positive, negative, neutral)\n- sentiment_score: Number between -1 and 1\n- sentiment_analysis: Brief explanation of the reviewer's assessment and recommendation",
  
    "Travel/Destination": "Analyze this travel content with special focus on:\n- Detailed location information (regions, cities, specific sites)\n- Practical travel logistics covered (transportation, accommodations, costs)\n- Cultural insights and local customs mentioned\n- Seasonal considerations and optimal visiting times\n- Food and dining recommendations\n- Must-see attractions with context\n- Off-the-beaten-path suggestions\n- Safety tips and potential concerns\n- Budget considerations across categories\n- Itinerary structure and time management suggestions\n- Visual highlights of the destination\n\nFormat the analysis as a practical travel guide with sections for \"Destination Overview,\" \"Practical Information,\" \"Attractions,\" \"Food & Culture,\" and \"Travel Tips.\"\n\nProvide your analysis in JSON format including:\n- summary: A concise summary of the travel destination and experience (100-150 words)\n- key_points: 5-7 key locations, attractions or travel tips mentioned\n- topics: 3-5 main aspects of the destination covered\n- sentiment: Overall portrayal (positive, negative, neutral)\n- sentiment_score: Number between -1 and 1\n- sentiment_analysis: Brief explanation of how the destination is presented and author's travel experience",
  
    "Gaming": "Analyze this gaming content with special focus on:\n- Game title, platform, and version/update covered\n- Gameplay elements demonstrated (mechanics, features, modes)\n- Player skill level and techniques showcased\n- Game progression and achievement context\n- Strategic insights or tactics presented\n- Commentary quality and informativeness\n- Notable game events and highlights with timestamps\n- Technical performance observations\n- Community interactions and references\n- Comparisons to other games or previous versions\n- Creator's personal style and approach to the game\n\nFormat the analysis with gaming-appropriate sections like \"Game Overview,\" \"Gameplay Highlights,\" \"Strategies & Tips,\" and \"Creator's Approach,\" with timestamp references where relevant.\n\nProvide your analysis in JSON format including:\n- summary: A concise summary of the gameplay content (100-150 words)\n- key_points: 5-7 key gameplay moments, strategies or features shown\n- topics: 3-5 main gaming aspects covered (mechanics, story, multiplayer, etc.)\n- sentiment: Overall assessment (positive, negative, neutral)\n- sentiment_score: Number between -1 and 1\n- sentiment_analysis: Brief explanation of the creator's enjoyment and critique of the game",
  
    "News/Commentary": "Analyze this news/commentary content with special focus on:\n- Main topics and events covered\n- Factual information presented (differentiated from opinion)\n- Multiple perspectives presented (if any)\n- Sources cited and their credibility\n- Historical or contextual background provided\n- Key arguments and supporting evidence\n- Potential biases or framing techniques\n- Calls to action or policy recommendations\n- Expert opinions or interviews included\n- Conflicting information or counterarguments addressed\n- Implications and potential developments mentioned\n\nFormat the analysis with clear separation between factual reporting and commentary/opinion, using sections like \"Key Facts,\" \"Context,\" \"Analysis,\" and \"Different Perspectives.\"\n\nProvide your analysis in JSON format including:\n- summary: A concise summary of the news/commentary content (100-150 words)\n- key_points: 5-7 key facts or arguments presented\n- topics: 3-5 main topics or issues discussed\n- sentiment: Overall tone (positive, negative, neutral)\n- sentiment_score: Number between -1 and 1\n- sentiment_analysis: Brief explanation of the perspective and framing of the content",
  
    "Health & Fitness": "Analyze this health/fitness content with special focus on:\n- Exercise techniques and proper form instructions\n- Workout structure and progression\n- Safety considerations and modification options\n- Target muscle groups or health benefits\n- Equipment requirements and alternatives\n- Scientific or research-based claims and their validity\n- Realistic expectations and timeframes mentioned\n- Nutrition advice and its context\n- Recovery and sustainability considerations\n- Qualifications of the presenter (if mentioned)\n- Appropriate disclaimers and limitations\n\nFormat the analysis with sections for \"Workout Overview,\" \"Technique Breakdown,\" \"Scientific Basis,\" and \"Practical Implementation,\" with attention to both effectiveness and safety considerations.\n\nProvide your analysis in JSON format including:\n- summary: A concise summary of the fitness content (100-150 words)\n- key_points: 5-7 key exercises, techniques or health recommendations\n- topics: 3-5 main fitness/health aspects covered\n- sentiment: Overall tone (positive, negative, neutral)\n- sentiment_score: Number between -1 and 1\n- sentiment_analysis: Brief explanation of the approach to fitness and motivational style",
  
    "Business/Finance": "Analyze this business/finance content with special focus on:\n- Core financial concepts explained\n- Investment strategies or business methods discussed\n- Market trends and data referenced\n- Risk factors and considerations mentioned\n- Historical context and relevant benchmarks\n- Expert credentials and experience\n- Actionable advice versus general principles\n- Time-sensitivity of the information\n- Supporting evidence for claims made\n- Potential conflicts of interest disclosed\n- Legal or regulatory considerations\n- Target audience level (beginner vs. advanced)\n\nFormat the analysis with clear sections for \"Key Concepts,\" \"Strategic Insights,\" \"Risk Considerations,\" and \"Actionable Takeaways,\" with appropriate disclaimers about financial advice.\n\nProvide your analysis in JSON format including:\n- summary: A concise summary of the business/finance content (100-150 words)\n- key_points: 5-7 key financial concepts or strategies discussed\n- topics: 3-5 main business/finance topics covered\n- sentiment: Overall assessment (positive, negative, neutral, balanced)\n- sentiment_score: Number between -1 and 1\n- sentiment_analysis: Brief explanation of the approach to risk and potential returns",
  
    "DIY/Crafts/Home Improvement": "Analyze this DIY/craft/home improvement content with special focus on:\n- Complete materials list with specifications\n- Tools required and possible alternatives\n- Step-by-step process with clear sequencing\n- Skill level required and learning curve\n- Time investment estimates for each stage\n- Safety precautions and common mistakes to avoid\n- Cost estimates (if provided)\n- Design principles and creative decisions explained\n- Customization opportunities\n- Troubleshooting tips for common issues\n- Before/after comparisons and results assessment\n- Maintenance or care instructions\n\nFormat the analysis as a practical guide with sections for \"Materials & Tools,\" \"Project Steps,\" \"Expert Tips,\" and \"Finishing & Results,\" making it usable as a reference for someone attempting the project.\n\nProvide your analysis in JSON format including:\n- summary: A concise summary of the DIY project (100-150 words)\n- key_points: 5-7 key steps or techniques demonstrated\n- topics: 3-5 main DIY skills or concepts covered\n- sentiment: Overall tone (positive, negative, neutral)\n- sentiment_score: Number between -1 and 1\n- sentiment_analysis: Brief explanation of project complexity and creator's presentation style",
  
    "default": "Provide a comprehensive analysis of this video content including:\n- A concise but detailed summary of the main content\n- Key points and important takeaways\n- Main topics discussed or covered\n- Overall tone and sentiment\n- Unique insights or valuable information presented\n- Structure and flow of the content\n- Intended audience and purpose of the video\n\nProvide your analysis in JSON format including:\n- summary: A concise summary (100-150 words)\n- key_points: 5-7 key takeaways from the content\n- topics: 3-5 main topics covered\n- sentiment: Overall tone (positive, negative, neutral)\n- sentiment_score: Number between -1 and 1\n- sentiment_analysis: Brief explanation of tone and presentation style"
  }